,issue_id,label
0,98118,compute_engine
1,98118,governance
2,98118,web_api
3,98084,hardening
4,98084,usability-testing-findings
5,97982,JenkinsIntegration
6,97982,usability-testing-findings
7,97868,trello:5f71b7467b498d57987bfe0a
8,97813,hardening
9,97813,usability-testing-findings
10,97673,hardening
11,97673,usability-testing-findings
12,97672,hardening
13,97672,usability-testing-findings
14,97670,hardening
15,97670,usability-testing-findings
16,97669,hardening
17,97669,usability-testing-findings
18,97668,hardening
19,97668,usability-testing-findings
20,97659,hardening
21,97659,usability-testing-findings
22,97457,trello:5f5f599f68da692faa3b3ef2
23,97413,marketing
24,97384,database
25,97353,ost
26,97353,quality_gates
27,97239,deprecation
28,97207,gitlab
29,96944,hardening-sept
30,96932,group-permission-hardening
31,96774,group-permission-hardening
32,96772,group-permission-hardening
33,96767,group-permission-hardening
34,96709,group-permission-hardening
35,96697,hardening-sept
36,96361,SonarCloud?
37,96138,web-exposed-libraries
38,96133,web-exposed-libraries
39,95887,database
40,95887,upgrade
41,95731,hardening-sept
42,95678,SonarCloud?
43,95621,SonarCloud?
44,95620,hotspots
45,95590,hardening-sept
46,91254,SonarQube
47,95454,issues
48,95053,components
49,94827,gradle
50,94827,update-plugins-bot
51,94826,gradle
52,94654,deprecation
53,94654,group-permission-hardening
54,94536,hardening-sept
55,94535,deprecation
56,94403,branch
57,94403,scanner
58,94403,scm
59,94366,update-plugins-bot
60,94283,hardening-jl-8.4
61,94282,hardening-jl-8.4
62,94213,ost
63,94127,SonarQube
64,94002,update-plugins-bot
65,93829,administration
66,93829,api
67,93829,pull-request
68,93657,hardening-week16
69,93654,SonarQube
70,93649,hardening-8.3
71,93606,SonarCloud?
72,93546,hardening-8.3
73,93546,multiple-issue-location
74,93405,ost
75,93403,hardening-8.3
76,93320,SonarCloud?
77,93320,pull-request
78,93318,hardening-8.3
79,93318,multiple-issue-location
80,93058,hardening-8.3
81,93050,SonarCloud?
82,92984,performance
83,92962,hardening-8.3
84,92956,docker
85,92846,hotspots
86,92823,docker
87,92822,docker
88,92769,SonarCloud?
89,92723,SonarCloud?
90,92661,hardening-8.3
91,92659,multiple-issue-location
92,92589,multiple-issue-location
93,92518,hardening-feb-20
94,92511,hardening-8.3
95,92511,hotspots
96,92491,docker
97,92491,logs
98,92403,docker
99,92365,hardening-feb-20
100,92356,performance
101,92349,hardening-8.3
102,92294,compute_engine
103,92285,ost
104,92205,docker
105,92204,docker
106,92203,docker
107,92202,docker
108,92201,docker
109,92132,ost
110,92033,hotspots
111,91979,hotspots
112,91873,hotspots
113,91787,accessibility
114,91766,hotspots
115,91763,accessibility
116,91762,accessibility
117,91732,ost
118,91712,hotspots
119,91679,multiple-issue-location
120,91654,hardening-feb-20
121,91654,multiple-issue-location
122,91574,hotspots
123,91530,hotspots
124,91523,hotspots
125,91370,hardening-8.3
126,91370,hotspots
127,91361,SonarCloud?
128,91351,hotspots
129,91349,hotspots
130,91341,hotspots
131,91332,hardening-8.3
132,91332,hotspots
133,91331,hotspots
134,91330,SonarCloud?
135,91328,accessibility
136,91203,docker
137,91201,SonarCloud?
138,91172,SonarCloud?
139,91172,accessibility
140,91171,accessibility
141,91170,SonarCloud?
142,91170,accessibility
143,91163,accessibility
144,91162,SonarCloud?
145,91162,accessibility
146,91160,SonarCloud?
147,91160,accessibility
148,91073,onboarding
149,90772,SonarCloud?
150,90752,onboarding
151,90680,Core
152,90680,ost
153,90680,ui
154,90680,web
155,90665,deprecation
156,90613,onboarding
157,90543,issue-flows
158,90334,SonarQube
159,90154,performance
160,90056,SonarCloud?
161,89959,better-snippets
162,89926,SonarCloud?
163,89926,ost
164,89863,scanner
165,89633,hardening-sprint
166,89607,onboarding
167,89596,hardening-sprint
168,89591,Marketing
169,89590,Marketing
170,89584,hardening-sprint
171,89571,hardening-sprint
172,89558,better-snippets
173,89557,better-snippets
174,89556,better-snippets
175,89554,better-snippets
176,89539,hardening-sprint
177,89451,hardening-sprint
178,89428,hardening-sprint
179,89375,hardening-portfolio-application
180,89316,hardening-sprint
181,89295,hardening-sprint
182,89293,hardening-sprint
183,89277,colors
184,89277,unified-ui
185,89257,colors
186,89257,unified-ui
187,89256,colors
188,89256,unified-ui
189,89255,colors
190,89255,unified-ui
191,89254,colors
192,89254,unified-ui
193,89252,colors
194,89252,unified-ui
195,89250,colors
196,89250,unified-ui
197,89249,colors
198,89249,unified-ui
199,89243,colors
200,89243,unified-ui
201,89186,colors
202,89186,unified-ui
203,89183,hardening-sprint
204,89180,hardening-sprint
205,89177,hardening-sprint
206,89171,colors
207,89171,unified-ui
208,89170,colors
209,89170,unified-ui
210,89169,hardening-sprint
211,89140,hardening-sprint
212,89136,hardening-sprint
213,89132,hardening-sprint
214,89125,onboarding
215,89101,hardening-sprint
216,89099,colors
217,89099,unified-ui
218,89098,colors
219,89098,unified-ui
220,89097,colors
221,89097,unified-ui
222,89096,colors
223,89096,unified-ui
224,89094,colors
225,89094,unified-ui
226,89091,colors
227,89091,unified-ui
228,89065,hardening-sprint
229,89065,ost
230,89017,hardening-sprint
231,88941,docker
232,88892,hardening-sprint
233,88858,SonarQube
234,88792,hardening-sprint
235,88642,ost
236,88638,ost
237,88525,security
238,88316,hardening-sprint
239,88178,accessibility
240,87461,accessibility
241,87411,hardening
242,87411,hardening-sprint
243,87376,ost
244,87291,SonarCloud?
245,87290,SonarCloud?
246,87118,ost
247,87062,docker
248,86937,seb
249,86931,quality_profiles
250,86929,hardening-sept
251,86929,quality_profiles
252,86927,quality_profiles
253,86735,github
254,86497,hardening-sprint
255,86366,ui
256,86362,web
257,86323,hardening-jacek
258,86318,Languages
259,86064,deprecation
260,86064,hardening-jacek
261,85901,github
262,85901,pull-request
263,85900,deprecation
264,85875,hardening-LTS-7.x
265,85870,hardening-LTS-7.x
266,85818,hardening-LTS-7.x
267,85793,hardening-LTS-7.x
268,85792,hardening-LTS-7.x
269,85706,hardening-LTS-7.x
270,85683,hardening-LTS-7.x
271,85677,hardening-LTS-7.x
272,85676,hardening-LTS-7.x
273,85628,hardening-LTS-7.x
274,85622,SonarCloud?
275,85622,accessibility
276,85617,hardening-LTS-7.x
277,85608,hardening-LTS-7.x
278,85579,hardening-LTS-7.x
279,85578,hardening-LTS-7.x
280,85570,hardening-LTS-7.x
281,85538,hardening-LTS-7.x
282,85494,hardening-LTS-7.x
283,85492,hardening-LTS-7.x
284,85443,hardening-LTS-7.x
285,85437,hardening-LTS-7.x
286,85394,hardening-LTS-7.x
287,85376,hardening-LTS-7.x
288,85374,hardening-LTS-7.x
289,85374,onboarding-philippe
290,85336,hardening-LTS-7.x
291,85314,hardening-LTS-7.x
292,85289,hardening-LTS-7.x
293,85286,hardening-LTS-7.x
294,85255,accessibility
295,85253,accessibility
296,85250,accessibility
297,85249,accessibility
298,85185,hardening-LTS-7.x
299,85169,hardening-portfolio-application
300,85157,hardening-LTS-7.x
301,85022,hardening-LTS-7.x
302,84983,hardening-LTS-7.x
303,84983,onboarding-philippe
304,84948,hardening-LTS-7.x
305,84935,hardening-LTS-7.x
306,84919,hardening-LTS-7.x
307,84917,hardening-LTS-7.x
308,84883,hardening-LTS-7.x
309,84848,hardening-LTS-7.x
310,84777,ui
311,84777,web
312,84772,hardening-LTS-7.x
313,84770,hardening-LTS-7.x
314,84753,hardening-LTS-7.x
315,84742,hardening-LTS-7.x
316,84722,hardening-LTS-7.x
317,84718,hardening-LTS-7.x
318,84574,hardening-LTS-7.x
319,84548,hardening-LTS-7.x
320,84419,hardening-LTS-7.x
321,84392,hardening-LTS-7.x
322,84388,web
323,84387,hardening-LTS-7.x
324,84379,consistency
325,84371,consistency
326,84371,ost
327,84369,hardening-LTS-7.x
328,84319,hardening-LTS-7.x
329,84315,hardening-LTS-7.x
330,84305,hardening-LTS-7.x
331,84297,hardening-LTS-7.x
332,84284,hardening-LTS-7.x
333,84247,onboarding
334,84242,accessibility
335,84231,better-snippets
336,84174,security
337,84148,hardening-LTS-7.x
338,84066,hardening-sept
339,84050,hardening-LTS-7.x
340,84049,hardening-LTS-7.x
341,84031,deprecation
342,84029,accessibility
343,84029,colorblindness
344,84023,hardening-LTS-7.x
345,84016,hardening-LTS-7.x
346,83977,hardening-LTS-7.x
347,83910,hardening-LTS-7.x
348,83904,hardening-LTS-7.x
349,83811,hardening-LTS-7.x
350,83810,hardening-LTS-7.x
351,83805,accessibility
352,83805,colorblindness
353,83803,accessibility
354,83803,colorblindness
355,83774,SonarQube
356,83773,hardening-LTS-7.x
357,83772,SonarQube
358,83742,hardening-LTS-7.x
359,83641,hardening-LTS-7.x
360,83640,hardening-LTS-7.x
361,83638,hardening-LTS-7.x
362,83548,hardening-LTS-7.x
363,83543,hardening-LTS-7.x
364,83312,hardening-LTS-7.x
365,83310,hardening-LTS-7.x
366,83292,hardening-LTS-7.x
367,83227,hardening-sprint
368,83168,hardening-LTS-7.x
369,83089,SonarCloud?
370,82977,hardening-LTS-7.x
371,82895,ost
372,82892,deprecation
373,82870,hardening-LTS-7.x
374,82858,hardening-LTS-7.x
375,82858,security
376,82627,hardening-LTS-7.x
377,82367,hardening-LTS-7.x
378,82367,views
379,82258,accessibility
380,82258,blindness
381,82239,accessibility
382,82237,accessibility
383,82236,accessibility
384,82236,hardening-LTS-7.x
385,82174,accessibility
386,82172,accessibility
387,82093,accessibility
388,82093,blindness
389,82091,SonarCloud
390,82091,SonarQube
391,82090,SonarCloud
392,82090,SonarQube
393,82085,SonarCloud
394,82085,SonarQube
395,82084,SonarCloud
396,82084,SonarQube
397,82083,accessibility
398,82083,onboarding-philippe
399,82082,accessibility
400,82082,hardening-LTS-7.x
401,82081,accessibility
402,82080,accessibility
403,82035,UX
404,81828,SonarQube
405,81825,SonarQube
406,81711,hardening-LTS-7.x
407,81689,seb
408,81677,hardening-LTS-7.x
409,81504,web
410,81396,accessibility
411,81396,hardening-LTS-7.x
412,81366,accessibility
413,81366,hardening-LTS-7.x
414,81365,accessibility
415,81365,hardening-LTS-7.x
416,81327,UX
417,81246,hardening-LTS-7.x
418,81223,hardening-LTS-7.x
419,81223,seb
420,81221,UX
421,70393,UX
422,81102,SonarQube
423,81032,hardening-LTS-7.x
424,80702,SonarCloud?
425,80423,hardening-auth-vsts-january-2019
426,80360,hardening-sprint
427,80351,hardening-LTS-7.x
428,80245,accessibility
429,80245,colorblindness
430,80245,sc-hardening
431,80239,seb
432,80134,hardening-bbc-december-18
433,80091,hardening-LTS-7.x
434,79589,hardening-LTS-7.x
435,79496,issues
436,79496,quality_gates
437,79428,SonarCloud?
438,79428,hardening-jacek
439,79323,onboarding-philippe
440,79032,performance
441,79030,seb
442,78977,seb
443,78977,sonarcloud
444,78754,seb
445,78743,deprecation
446,78702,hardening-LTS-7.x
447,78654,hardening-LTS-7.x
448,78649,seb
449,78648,seb
450,78598,deprecation
451,78497,hardening-LTS-7.x
452,78382,branch
453,78382,branches
454,78382,housekeeping
455,78382,pull-request
456,78333,seb
457,78333,sonarcloud
458,78282,seb
459,78267,seb
460,77955,seb
461,77898,pull-request
462,77649,hardening-LTS-7.x
463,77476,group-permission-hardening
464,77374,seb
465,77255,seb
466,77152,seb
467,76927,hardening-LTS-7.x
468,76900,SonarQube
469,76850,seb
470,76792,seb
471,76791,seb
472,76789,seb
473,76787,seb
474,76729,seb
475,76712,IE
476,76711,hardening-LTS-7.x
477,76711,seb
478,76542,accessibility
479,76491,hardening-LTS-7.x
480,76430,SonarCloud?
481,76430,hardening-sprint
482,76429,seb
483,76428,seb
484,76427,seb
485,76426,seb
486,76425,seb
487,76424,seb
488,76423,seb
489,76422,seb
490,76421,seb
491,76420,seb
492,76419,seb
493,76418,seb
494,76417,seb
495,76416,seb
496,76280,pull-request
497,76229,seb
498,76216,accessibility
499,76083,accessibility
500,75935,harden
501,75919,coverage
502,75919,pull-request
503,75917,coverage
504,75917,pull-request
505,75816,seb
506,75791,hardening-LTS-7.x
507,75685,deprecation
508,75685,hardening-sprint
509,75593,seb
510,75580,scanner
511,75580,scm
512,75579,scm
513,75540,scanner
514,75309,significant
515,75265,hardening-july-18
516,75243,hardening-july-18
517,75176,SonarQube
518,74725,SonarQube
519,74998,hardening
520,74936,ost
521,74936,quality_profiles
522,74841,hardening-july-18
523,74779,hardening-LTS-7.x
524,74704,SonarQube
525,74703,SonarQube
526,74644,SonarCloud
527,74589,SonarCloud
528,74589,hardening-july-18
529,74577,SonarCloud
530,74561,pull-request
531,74561,sonarcloud
532,74561,vsts
533,74430,deprecation
534,74430,hardening-LTS-7.x
535,74370,scanner
536,74366,hardening-july-18
537,74302,pull-request
538,74238,hardening-july-18
539,74175,hardening
540,74113,seb
541,74078,hardening-july-18
542,74024,hardening
543,74005,hardening-july-18
544,73984,background-tasks
545,73983,background-tasks
546,73982,background-tasks
547,73978,background-tasks
548,73973,issues
549,73870,seb
550,73820,seb
551,63924,lambda
552,63917,lambda
553,65105,lambda
554,73775,compute_engine
555,73629,deprecation
556,73622,logs
557,73622,sonarcloud
558,73580,logs
559,73580,sonarcloud
560,73576,branch
561,73576,pull-request
562,73554,compute_engine
563,73554,sonarcloud
564,73486,pull-request
565,73486,vsts
566,73441,pull-request
567,73441,vsts
568,73437,hardening-july-18
569,73437,seb
570,73437,sonarcloud
571,73425,ui
572,73396,build
573,73353,SonarQube
574,73252,branch
575,73252,pull-request
576,73132,performance
577,73129,bulk
578,73095,seb
579,73073,marketing
580,73007,pull-request
581,73007,tfs
582,73007,vsts
583,71913,pull-request
584,71913,tfs
585,71913,vsts
586,70752,deprecation
587,71489,seb
588,60856,governance
589,66041,seb
590,71319,significant
591,59206,deprecation
592,69890,SonarQube
593,64416,hardening
594,64416,ui
595,71548,governance
596,64149,seb
597,71902,hardening-july-18
598,72812,SonarCloud
599,72594,SonarCloud
600,72594,hardening-july-18
601,72551,accessibility
602,72551,colorblindness
603,72549,accessibility
604,72548,accessibility
605,72547,performance
606,72545,SonarCloud
607,72544,performance
608,72543,performance
609,72542,performance
610,72538,performance
611,72537,performance
612,72134,SonarCloud
613,72134,web
614,72114,SonarQube
615,71900,seb
616,71900,significant
617,71862,scanner
618,71645,sonarcloud
619,71639,sonarcloud
620,64301,significant
621,71345,SonarCloud
622,71326,seb
623,71326,significant
624,71302,scanner
625,71286,api
626,71286,plugin
627,71286,scanner
628,71250,deprecation
629,71215,seb
630,71163,background-tasks
631,70952,seb
632,70924,SonarQube
633,70598,seb
634,70515,seb
635,70436,seb
636,70402,web
637,70362,lambda
638,70300,rules
639,70296,web
640,70065,branch
641,70065,pull-request
642,70051,web
643,70006,seb
644,69481,seb
645,69201,seb
646,69192,hardening-sprint
647,69063,seb
648,69027,seb
649,68890,seb
650,68862,seb
651,68791,deprecation
652,68783,hardening-issues-page
653,68749,SonarQube
654,68746,SonarQube
655,68615,salesforce
656,68586,seb
657,68310,compute_engine
658,68334,deprecation
659,68334,hardening-LTS-7.x
660,68323,SonarQube
661,68195,seb
662,68185,deprecation
663,68185,hardening-LTS-7.x
664,68180,compute_engine
665,68133,seb
666,67810,Atlas
667,67783,SonarQube
668,67750,SonarCloud
669,67699,hardening-july-18
670,67699,seb
671,67699,significant
672,67678,hardening-issues-page
673,67678,lambda
674,67657,branch
675,67657,scanner
676,67591,hardening-july-18
677,67455,seb
678,67364,lambda
679,67353,scanner
680,67302,unified-ui
681,67278,SonarQube
682,67158,SonarQube
683,67153,scanner
684,67147,SonarCloud
685,67146,SonarCloud
686,67144,SonarCloud
687,67132,lambda
688,67072,SonarQube
689,67025,lambda
690,67011,atlas
691,67009,atlas
692,67008,atlas
693,66980,SonarQube
694,66977,SonarCloud
695,66892,SonarQube
696,66890,SonarQube
697,66889,SonarQube
698,66858,IE
699,66812,lambda
700,66794,SonarQube
701,66794,lambda
702,66793,SonarQube
703,66792,lambda
704,66790,hardening-issues-page
705,66781,lambda
706,66735,Atlas
707,66704,lambda
708,66695,accessibility
709,66695,hardening-code-viewer
710,66695,unified-ui
711,66569,lambda
712,66564,atlas
713,66564,lambda
714,66562,lambda
715,66560,lambda
716,66552,SonarCloud
717,66456,lambda
718,66446,lambda
719,66427,Atlas
720,66380,lambda
721,66328,Atlas
722,66281,kill-the-noise
723,66281,lambda
724,66276,lambda
725,66167,hardening-LTS-7.x
726,66165,deprecation
727,66165,hardening-LTS-7.x
728,66165,seb
729,66115,lambda
730,66106,Atlas
731,66095,seb
732,66040,lambda
733,66040,unified-ui
734,66039,lambda
735,66039,unified-ui
736,66032,lambda
737,66032,unified-ui
738,66009,Atlas
739,65935,Atlas
740,65935,Security
741,65933,kill-the-noise
742,65933,lambda
743,65916,atlas
744,65905,atlas
745,65857,atlas
746,65853,Atlas
747,65850,atlas
748,65850,lambda
749,65834,lambda
750,65833,Atlas
751,65832,Atlas
752,65831,Atlas
753,65831,lambda
754,65828,lambda
755,65825,Atlas
756,65823,atlas
757,65822,atlas
758,65821,Atlas
759,65776,lambda
760,65756,atlas
761,65750,atlas
762,65733,lambda
763,65718,Atlas
764,65704,atlas
765,65703,atlas
766,65685,Atlas
767,65678,Atlas
768,65677,Atlas
769,65672,lambda
770,65669,atlas
771,65660,branch
772,65660,scanner
773,65644,lambda
774,65643,atlas
775,65635,lambda
776,65629,SonarQube
777,65627,Atlas
778,65627,lambda
779,65626,Atlas
780,65614,lambda
781,65612,lambda
782,65610,lambda
783,65604,Atlas
784,65602,branch
785,65602,compute_engine
786,65600,atlas
787,65600,lambda
788,65599,atlas
789,65596,lambda
790,65592,atlas
791,65590,atlas
792,65589,atlas
793,65588,atlas
794,65585,lambda
795,65584,atlas
796,65584,lambda
797,65583,lambda
798,65582,lambda
799,65581,lambda
800,65554,lambda
801,65548,Lambda
802,65532,lambda
803,65531,lambda
804,65530,lambda
805,65516,lambda
806,65509,branch
807,65509,compute_engine
808,65509,scanner
809,65466,lambda
810,65431,lambda
811,65416,lambda
812,65413,lambda
813,65402,Atlas
814,65389,lambda
815,65380,branch
816,65380,compute_engine
817,65376,lambda
818,65372,Atlas
819,65371,Atlas
820,65370,Atlas
821,65361,lambda
822,65357,lambda
823,65346,significant
824,65337,lambda
825,65327,Atlas
826,65275,compute_engine
827,65275,scanner
828,65271,deprecation
829,65271,hardening-LTS-7.x
830,65204,lambda
831,65197,analysis
832,65190,lambda
833,65183,Atlas
834,65183,api
835,65171,Atlas
836,65170,lambda
837,65128,branch
838,65127,branch
839,65124,lambda
840,65122,branch
841,65117,Atlas
842,65116,Atlas
843,65116,lambda
844,65115,Atlas
845,65107,seb
846,65103,lambda
847,65102,hardening-issues-page
848,65102,lambda
849,65100,branch
850,65099,lambda
851,65084,Atlas
852,65083,Atlas
853,65082,Atlas
854,65081,Atlas
855,65063,hardening-gov
856,65063,lambda
857,65056,Atlas
858,65056,lambda
859,65028,lambda
860,65001,hardening-issues-page
861,65001,lambda
862,64994,hardening-issues-page
863,64994,lambda
864,63911,lambda
865,64984,lambda
866,64981,Atlas
867,64980,Atlas
868,64974,label
869,64972,hardening-measures
870,64972,lambda
871,63919,lambda
872,55400,hardening-gov
873,55400,lambda
874,64967,lambda
875,60811,lambda
876,64943,branch
877,64943,scanner
878,64911,lambda
879,54793,hardening-gov
880,54793,lambda
881,64881,lambda
882,64880,deprecation
883,64875,lambda
884,64867,Atlas
885,64864,Atlas
886,64864,scanner
887,64848,lambda
888,64827,lambda
889,64826,lambda
890,64824,branch
891,64824,scanner
892,64818,lambda
893,64811,Atlas
894,64805,lambda
895,64796,scanner
896,64790,lambda
897,64789,Atlas
898,64770,lambda
899,64768,lambda
900,64743,Atlas
901,64729,lambda
902,64694,Atlas
903,64666,Scanners
904,64666,branch
905,64666,scanner
906,64658,lambda
907,64651,Atas
908,64621,Atlas
909,64617,lambda
910,64602,Lambda
911,64585,lambda
912,64571,Atlas
913,64563,lambda
914,64561,hardening-issues-page
915,64561,lambda
916,64560,hardening-issues-page
917,64560,lambda
918,64559,lambda
919,64551,lambda
920,64533,lambda
921,64532,lambda
922,64511,lambda
923,64510,scanner
924,64509,lambda
925,64508,hardening-issues-page
926,64508,lambda
927,64487,Atlas
928,64485,Atlas
929,64480,SonarCloud
930,64472,Scanners
931,64443,lambda
932,64442,branch
933,64442,incremental_mode
934,64442,scanner
935,64430,Atlas
936,64417,Atlas
937,64415,Atlas
938,64413,Atlas
939,64412,Atlas
940,64380,Atlas
941,64369,Scanners
942,64364,lambda
943,64303,lambda
944,64302,hardening-issues-page
945,64302,lambda
946,64296,lambda
947,64281,Atlas
948,64278,Atlas
949,64274,Atlas
950,64273,Atlas
951,64271,Atlas
952,64252,Atlas
953,64231,hardening-project-homepage
954,64223,lambda
955,64193,lambda
956,64192,Atlas
957,64192,performance
958,64192,windows
959,64173,lambda
960,64167,Atlas
961,64136,Atlas
962,64136,lambda
963,64133,lambda
964,64132,lambda
965,64116,Atlas
966,64105,lambda
967,64071,Atlas
968,64070,Atlas
969,64069,Atlas
970,64068,Atlas
971,64056,scanner
972,64046,lambda
973,64045,lambda
974,64039,lambda
975,64018,lambda
976,64015,Atlas
977,63996,lambda
978,63995,lambda
979,63993,scanner
980,63979,lambda
981,63967,lambda
982,63959,hardening-issues-page
983,63959,hardening-measures
984,63959,lambda
985,63959,unified-ui
986,63955,Atlas
987,63947,lambda
988,63944,hardening-issues-page
989,63944,lambda
990,63937,lambda
991,63930,lambda
992,63929,lambda
993,63926,lambda
994,63833,lambda
995,63814,hardening-measures
996,63801,lambda
997,63798,branch
998,63798,scanner
999,63795,Atlas
1000,63791,lambda
1001,63783,lambda
1002,63754,lambda
1003,63749,lambda
1004,63658,lambda
1005,63647,lambda
1006,63643,hardening-activity-page
1007,63643,lambda
1008,63633,hardening-activity-page
1009,63633,lambda
1010,63617,Atlas
1011,63599,hardening-activity-page
1012,63588,lambda
1013,63587,lambda
1014,63586,lambda
1015,63585,lambda
1016,63503,Atlas
1017,63502,Atlas
1018,63501,Atlas
1019,63438,lambda
1020,63437,lambda
1021,63436,lambda
1022,63435,lambda
1023,63434,lambda
1024,63432,lambda
1025,63429,lambda
1026,63425,lambda
1027,63420,lambda
1028,63402,Atlas
1029,63401,Atlas
1030,63389,lambda
1031,63355,Atlas
1032,63352,Atlas
1033,63351,Atlas
1034,63321,lambda
1035,63315,lambda
1036,63314,lambda
1037,63313,lambda
1038,63312,lambda
1039,63308,lambda
1040,63307,hardening-activity-page
1041,63307,lambda
1042,63264,lambda
1043,63261,lambda
1044,63260,lambda
1045,63259,lambda
1046,63256,lambda
1047,63252,Atlas
1048,63234,lambda
1049,63233,lambda
1050,63223,lambda
1051,63174,Atlas
1052,63154,lambda
1053,63153,lambda
1054,63152,lambda
1055,63151,lambda
1056,63085,Atlas
1057,63048,lambda
1058,62999,lambda
1059,62976,lambda
1060,62956,lambda
1061,62953,lambda
1062,62951,accessibility
1063,62950,lambda
1064,62932,Atlas
1065,62922,Atlas
1066,62873,lambda
1067,62816,lambda
1068,62788,hardening-measures
1069,62788,lambda
1070,62783,Atlas
1071,62783,lambda
1072,62778,onboarding-philippe
1073,62776,lambda
1074,62775,lambda
1075,62773,Atlas
1076,62746,database
1077,62746,ruby
1078,62732,Atlas
1079,62731,Atlas
1080,62729,Atlas
1081,62726,lambda
1082,62704,Atlas
1083,62704,lambda
1084,62702,Atlas
1085,62702,lambda
1086,62693,lambda
1087,62583,lambda
1088,62577,lambda
1089,62576,lambda
1090,62575,lambda
1091,62563,lambda
1092,62563,web
1093,62541,lambda
1094,62525,lambda
1095,62518,lambda
1096,62515,lambda
1097,62489,lambda
1098,62488,lambda
1099,62486,lambda
1100,62484,Atlas
1101,62476,Atlas
1102,62474,Atlas
1103,62456,lambda
1104,62454,lambda
1105,62416,Atlas
1106,62415,Atlas
1107,62414,Atlas
1108,62376,scanner
1109,62375,scanner
1110,62352,lambda
1111,62266,lambda
1112,62257,hardening-measures
1113,62233,lambda
1114,62223,lambda
1115,62190,lambda
1116,62146,Atlas
1117,62134,lambda
1118,62133,lambda
1119,62131,lambda
1120,62114,lambda
1121,62099,lambda
1122,62090,lambda
1123,62088,lambda
1124,62075,lambda
1125,62072,lambda
1126,62069,hardening-issues-page
1127,62069,lambda
1128,62057,Atlas
1129,62057,lambda
1130,62056,Lambda
1131,62054,Atlas
1132,62045,Atlas
1133,62016,lambda
1134,61981,lambda
1135,61977,lambda
1136,61975,lambda
1137,61969,lambda
1138,61950,lambda
1139,61948,lambda
1140,61946,lambda
1141,61930,hardening-measures
1142,61903,lambda
1143,61902,lambda
1144,61901,lambda
1145,61900,lambda
1146,61899,lambda
1147,61898,lambda
1148,61897,lambda
1149,61896,lambda
1150,61895,lambda
1151,61894,lambda
1152,61892,lambda
1153,61891,lambda
1154,61890,lambda
1155,61889,lambda
1156,61882,lambda
1157,61873,lambda
1158,61864,Atlas
1159,61828,lambda
1160,61827,hardening-issues-page
1161,61827,hardening-measures
1162,61827,lambda
1163,61820,lambda
1164,61806,Atlas
1165,61800,lambda
1166,61765,lambda
1167,61762,lambda
1168,61745,lambda
1169,61744,lambda
1170,61728,lambda
1171,61727,lambda
1172,61711,Lambda
1173,61701,lambda
1174,61698,lambda
1175,61697,lambda
1176,61694,hardening-issues-page
1177,61694,lambda
1178,61690,lambda
1179,61689,Lambda
1180,61685,lambda
1181,61675,lambda
1182,61674,lambda
1183,61673,lambda
1184,61672,lambda
1185,61671,lambda
1186,61649,lambda
1187,61643,Lambda
1188,61642,Atlas
1189,61642,lambda
1190,61604,Atlas
1191,61599,Atlas
1192,61578,Atlas
1193,61572,Atlas
1194,61497,hardening-issues-page
1195,61497,lambda
1196,61497,unified-ui
1197,61477,Atlas
1198,61424,atlas
1199,61417,Atlas
1200,61414,lambda
1201,61409,lambda
1202,61408,Atlas
1203,61406,Atlas
1204,61405,Atlas
1205,61404,lambda
1206,61403,Atlas
1207,61402,Atlas
1208,61394,Atlas
1209,61379,Atlas
1210,61313,lambda
1211,61304,lambda
1212,61298,lambda
1213,61297,lambda
1214,61269,Atlas
1215,61268,Atlas
1216,61267,Atlas
1217,61255,Scanners
1218,61219,Atlas
1219,61219,cluster
1220,61218,Atlas
1221,61218,cluster
1222,61215,Atlas
1223,61199,lambda
1224,61197,lambda
1225,61196,lambda
1226,61173,lambda
1227,61165,Atlas
1228,61142,Atlas
1229,61135,lambda
1230,61134,lambda
1231,61132,lambda
1232,61129,lambda
1233,61127,lambda
1234,61125,lambda
1235,61123,lambda
1236,61118,lambda
1237,61113,cluster
1238,61112,hardening-activity-page
1239,61112,lambda
1240,61077,lambda
1241,61069,lambda
1242,61068,lambda
1243,61067,lambda
1244,61059,lambda
1245,61058,lambda
1246,61057,lambda
1247,61056,lambda
1248,61055,lambda
1249,61054,lambda
1250,61045,Atlas
1251,61032,lambda
1252,61031,lambda
1253,61030,lambda
1254,61029,lambda
1255,61028,lambda
1256,61027,lambda
1257,61002,Atlas
1258,61001,Atlas
1259,60995,Atlas
1260,60992,Atlas
1261,60989,Atlas
1262,60984,Atlas
1263,60983,lambda
1264,60971,Atlas
1265,60949,Atlas
1266,60947,Atlas
1267,60941,lambda
1268,60941,unified-ui
1269,60920,Atlas
1270,60914,lambda
1271,60902,Atlas
1272,60902,lambda
1273,60889,Atlas
1274,60889,seb
1275,60887,Atlas
1276,60880,Atlas
1277,60872,Atlas
1278,60872,lambda
1279,60861,deprecation
1280,60784,lambda
1281,60784,sonarcloud
1282,60772,Atlas
1283,60752,Atlas
1284,60733,lambda
1285,60724,lambda
1286,60721,lambda
1287,60720,lambda
1288,60709,Atlas
1289,60694,Atlas
1290,60680,lambda
1291,60678,lambda
1292,60677,lambda
1293,60676,lambda
1294,60656,Atlas
1295,60625,lambda
1296,60595,lambda
1297,60571,lambda
1298,60568,lambda
1299,60558,hardening-july-18
1300,60528,lambda
1301,60525,lambda
1302,60520,lambda
1303,60518,lambda
1304,60517,lambda
1305,60472,Atlas
1306,60466,Atlas
1307,60461,lambda
1308,60460,lambda
1309,60459,lambda
1310,60458,lambda
1311,60413,lambda
1312,60389,Atlas
1313,60377,Atlas
1314,60280,Atlas
1315,60258,Atlas
1316,60246,lambda
1317,60235,Atlas
1318,60232,lambda
1319,60222,lambda
1320,60210,Atlas
1321,60210,sprint-notifications
1322,60182,Lambda
1323,60181,Lambda
1324,60106,Atlas
1325,60104,lambda
1326,60098,lambda
1327,60086,Atlas
1328,60084,Atlas
1329,60083,Atlas
1330,60082,Atlas
1331,60052,Atlas
1332,60041,lambda
1333,60033,lambda
1334,60025,lambda
1335,60024,lambda
1336,60023,lambda
1337,60022,lambda
1338,60021,lambda
1339,60019,lambda
1340,60016,lambda
1341,60009,lambda
1342,60007,lambda
1343,60005,lambda
1344,59975,Atlas
1345,59964,Atlas
1346,59919,lambda
1347,59898,Atlas
1348,59896,Atlas
1349,59895,Atlas
1350,59894,Atlas
1351,59893,Atlas
1352,59892,Atlas
1353,59891,Atlas
1354,59890,Atlas
1355,59885,Atlas
1356,59882,Atlas
1357,59872,Atlas
1358,59867,Atlas
1359,59866,Atlas
1360,59865,Atlas
1361,59860,Atlas
1362,59859,Atlas
1363,59856,lambda
1364,59850,Atlas
1365,59843,lambda
1366,59841,Atlas
1367,59834,lambda
1368,59813,Atlas
1369,59811,Atlas
1370,59810,Atlas
1371,59807,Atlas
1372,59806,Atlas
1373,59805,Atlas
1374,59804,Atlas
1375,59802,Atlas
1376,59801,Atlas
1377,59699,scanner
1378,59679,Atlas
1379,59665,lambda
1380,59655,lambda
1381,59654,lambda
1382,59653,lambda
1383,59652,lambda
1384,59651,lambda
1385,59647,Atlas
1386,59591,lambda
1387,59570,Atlas
1388,59570,lambda
1389,59546,Atlas
1390,59546,cluster
1391,59541,lambda
1392,59534,lambda
1393,59520,Atlas
1394,59499,lambda
1395,59497,lambda
1396,59496,lambda
1397,59495,lambda
1398,59494,lambda
1399,59490,lambda
1400,59478,lambda
1401,59458,Atlas
1402,59457,Atlas
1403,59456,Atlas
1404,59455,Atlas
1405,59429,Atlas
1406,59415,lambda
1407,59379,Atlas
1408,59378,Atlas
1409,59376,Atlas
1410,59363,lambda
1411,59346,scanner
1412,59342,lambda
1413,59341,lambda
1414,59338,lambda
1415,59336,lambda
1416,59335,lambda
1417,59326,lambda
1418,59323,lambda
1419,59318,lambda
1420,59302,lambda
1421,59280,Atlas
1422,59277,lambda
1423,59274,lambda
1424,59261,lambda
1425,59255,lambda
1426,59237,Atlas
1427,59223,Atlas
1428,59223,sprint-performance
1429,59218,SonarCloud
1430,59213,lambda
1431,59212,lambda
1432,59211,lambda
1433,59190,lambda
1434,59186,scanner
1435,59182,lambda
1436,59181,lambda
1437,59180,lambda
1438,59179,lambda
1439,59175,lambda
1440,59170,Atlas
1441,59165,Atlas
1442,59164,Atlas
1443,59163,Atlas
1444,59159,Atlas
1445,59138,lambda
1446,59134,Atlas
1447,59108,lambda
1448,59107,Lambda
1449,59106,lambda
1450,59100,lambda
1451,59084,lambda
1452,59083,lambda
1453,59073,lambda
1454,59067,lambda
1455,59040,lambda
1456,59038,lambda
1457,59037,Atlas
1458,59016,lambda
1459,59011,lambda
1460,58992,lambda
1461,58988,Atlas
1462,58988,Scanners
1463,58987,Lambda
1464,58942,lambda
1465,58049,lambda
1466,58907,lambda
1467,58905,lambda
1468,58895,lambda
1469,58894,lambda
1470,58892,lambda
1471,58850,lambda
1472,58848,Atlas
1473,58847,Atlas
1474,58846,Atlas
1475,58846,lambda
1476,58845,Atlas
1477,58832,Atlas
1478,58829,Atlas
1479,58828,Atlas
1480,58827,Atlas
1481,58826,Atlas
1482,58825,Atlas
1483,58824,Atlas
1484,58821,hardening-issues-page
1485,58821,lambda
1486,58810,Atlas
1487,58797,Atlas
1488,58793,lambda
1489,58792,Atlas
1490,58785,Atlas
1491,58762,Atlas
1492,58748,Atlas
1493,58735,lambda
1494,58715,lambda
1495,58714,Atlas
1496,58705,Atlas
1497,58693,Atlas
1498,58669,lambda
1499,58668,lambda
1500,58653,lambda
1501,58625,lambda
1502,58622,lambda
1503,58620,lambda
1504,58619,lambda
1505,58615,lambda
1506,58595,lambda
1507,58591,lambda
1508,58576,lambda
1509,58572,lambda
1510,58538,lambda
1511,58532,lambda
1512,58531,lambda
1513,58530,lambda
1514,58529,lambda
1515,58528,lambda
1516,58525,lambda
1517,58524,lambda
1518,58523,lambda
1519,58522,lambda
1520,58504,lambda
1521,58501,Atlas
1522,58500,Atlas
1523,58498,lambda
1524,58459,lambda
1525,58438,Atlas
1526,58313,lambda
1527,58312,lambda
1528,58304,lambda
1529,58303,lambda
1530,58302,lambda
1531,58301,lambda
1532,58288,lambda
1533,58279,lambda
1534,58278,unified-ui
1535,58277,lambda
1536,58269,lambda
1537,58247,Atlas
1538,58246,Atlas
1539,58245,Atlas
1540,58220,Atlas
1541,58211,Atlas
1542,58182,Scanners
1543,58181,lambda
1544,58165,lambda
1545,58156,lambda
1546,58087,gravatar
1547,58048,lambda
1548,58038,lambda
1549,58037,lambda
1550,58027,lambda
1551,58026,lambda
1552,58025,lambda
1553,58024,lambda
1554,58023,lambda
1555,58014,lambda
1556,58012,Atlas
1557,58005,lambda
1558,57984,Atlas
1559,57966,Atlas
1560,57908,lambda
1561,57902,lambda
1562,57883,Atlas
1563,57871,lambda
1564,57870,lambda
1565,57869,lambda
1566,57845,lambda
1567,57840,Atlas
1568,57839,Atlas
1569,57836,Atlas
1570,57835,Atlas
1571,57834,Atlas
1572,57833,Atlas
1573,57826,lambda
1574,57821,hardening-jan-20
1575,57821,ost
1576,57819,lambda
1577,57807,Atlas
1578,57805,unified-ui
1579,57805,visual-consistency
1580,57804,lambda
1581,57803,lambda
1582,57803,unified-ui
1583,57802,lambda
1584,57749,lambda
1585,57731,lambda
1586,57696,lambda
1587,57693,Atlas
1588,57685,Atlas
1589,57633,Atlas
1590,57614,lambda
1591,57600,lambda
1592,57587,lambda
1593,57581,lambda
1594,57578,Atlas
1595,57576,lambda
1596,57552,lambda
1597,57551,lambda
1598,57550,lambda
1599,57549,deprecation
1600,57549,hardening-jacek
1601,57548,lambda
1602,57546,lambda
1603,57523,Atlas
1604,57511,lambda
1605,57509,lambda
1606,57501,Scanners
1607,57493,lambda
1608,57483,lambda
1609,57468,lambda
1610,57466,Atlas
1611,57465,lambda
1612,57456,lambda
1613,57454,lambda
1614,57453,Atlas
1615,57425,Atlas
1616,57411,Atlas
1617,57410,Atlas
1618,57405,Atlas
1619,57404,Atlas
1620,57403,Atlas
1621,57389,lambda
1622,57388,lambda
1623,57375,lambda
1624,57315,lambda
1625,57312,lambda
1626,57296,Atlas
1627,57292,lambda
1628,57266,scanner
1629,57250,Atlas
1630,57247,lambda
1631,57242,Atlas
1632,57240,Atlas
1633,57235,Atlas
1634,57234,Atlas
1635,57234,lambda
1636,57216,lambda
1637,57209,Atlas
1638,57192,lambda
1639,57161,Atlas
1640,57157,scanner
1641,57141,lambda
1642,57138,lambda
1643,57136,Atlas
1644,57133,lambda
1645,57128,lambda
1646,57116,lambda
1647,57114,lambda
1648,57112,lambda
1649,57105,lambda
1650,57083,Atlas
1651,57068,administration
1652,57068,lambda
1653,57022,lambda
1654,57020,lambda
1655,57016,lambda
1656,57009,Atlas
1657,56966,Atlas
1658,56965,lambda
1659,56962,Atlas
1660,56958,lambda
1661,56956,lambda
1662,56928,unified-ui
1663,56914,lambda
1664,56911,Atlas
1665,56904,lambda
1666,56903,lambda
1667,56872,Atlas
1668,56846,lambda
1669,56843,scanner
1670,56792,Atlas
1671,56784,lambda
1672,56780,lambda
1673,56770,Atlas
1674,56746,Atlas
1675,56734,lambda
1676,56727,Atlas
1677,56711,lambda
1678,56669,Atlas
1679,56655,Atlas
1680,56643,Atlas
1681,56642,Atlas
1682,56632,lambda
1683,56596,lambda
1684,56595,lambda
1685,56594,lambda
1686,56593,lambda
1687,56592,lambda
1688,56591,Atlas
1689,56588,lambda
1690,56587,lambda
1691,56584,Atlas
1692,56576,lambda
1693,56575,lambda
1694,56573,lambda
1695,56572,lambda
1696,56571,lambda
1697,56570,lambda
1698,56552,Atlas
1699,56551,Atlas
1700,56550,Atlas
1701,56549,Atlas
1702,56547,lambda
1703,56542,lambda
1704,56538,lambda
1705,56534,lambda
1706,56533,Atlas
1707,56530,lambda
1708,56521,Lambda
1709,56516,lambda
1710,56514,hardening-measures
1711,56514,lambda
1712,56448,lambda
1713,56447,lambda
1714,56442,lambda
1715,56440,lambda
1716,56438,lambda
1717,56425,Atlas
1718,56422,scanner
1719,56421,scanner
1720,56418,lambda
1721,56417,lambda
1722,56416,lambda
1723,56415,lambda
1724,56412,lambda
1725,56403,Atlas
1726,56383,scanner
1727,56381,scanner
1728,56371,Atlas
1729,56370,Atlas
1730,56344,Atlas
1731,56339,Atlas
1732,56336,Atlas
1733,56334,Atlas
1734,56320,lambda
1735,56314,Lambda
1736,56288,lambda
1737,56285,lambda
1738,56260,Atlas
1739,56241,lambda
1740,56230,lambda
1741,56224,lambda
1742,56221,lambda
1743,56219,lambda
1744,56218,lambda
1745,56217,lambda
1746,56213,lambda
1747,56210,lambda
1748,56209,lambda
1749,56199,Atlas
1750,56197,Atlas
1751,56196,Atlas
1752,56188,lambda
1753,56177,hardening-issues-page
1754,56176,lambda
1755,56175,lambda
1756,56147,Atlas
1757,56145,Atlas
1758,56134,scanner
1759,56134,web_services
1760,56131,lambda
1761,56130,lambda
1762,56127,Atlas
1763,56089,lambda
1764,56077,Atlas
1765,56077,ToBeDiscussed
1766,56077,lambda
1767,56076,Atlas
1768,56076,lambda
1769,56070,lambda
1770,56067,lambda
1771,56063,scanner
1772,56060,lambda
1773,56059,lambda
1774,56053,Atlas
1775,56051,api
1776,56048,Atlas
1777,56036,scanner
1778,56002,lambda
1779,55975,lambda
1780,55966,lambda
1781,55943,lambda
1782,55922,Atlas
1783,55922,lambda
1784,55883,lambda
1785,55881,lambda
1786,55880,lambda
1787,55870,lambda
1788,55866,lambda
1789,55853,lambda
1790,55851,lambda
1791,55849,lambda
1792,55846,lambda
1793,55825,lambda
1794,55781,Atlas
1795,55757,Atlas
1796,55706,lambda
1797,55703,lambda
1798,55683,scanner
1799,55668,lambda
1800,55666,lambda
1801,55661,lambda
1802,55660,lambda
1803,55639,Atlas
1804,55613,Atlas
1805,55611,Atlas
1806,55604,lambda
1807,55597,lambda
1808,55532,lambda
1809,55531,lambda
1810,55476,scanner
1811,55468,lambda
1812,55466,lambda
1813,55421,lambda
1814,55399,lambda
1815,55398,lambda
1816,55396,lambda
1817,55394,lambda
1818,55356,lambda
1819,55298,deprecation
1820,55286,Atlas
1821,55285,lambda
1822,55275,lambda
1823,55261,Atlas
1824,55232,lambda
1825,55230,lambda
1826,55225,lambda
1827,55223,lambda
1828,55217,Atlas
1829,55204,lambda
1830,55202,Atlas
1831,55201,lambda
1832,55192,Atlas
1833,55190,Atlas
1834,55189,Atlas
1835,55187,Atlas
1836,55186,Atlas
1837,55179,Atlas
1838,55178,Atlas
1839,55173,Atlas
1840,55172,Atlas
1841,55111,Atlas
1842,55110,Atlas
1843,55109,Atlas
1844,55106,Atlas
1845,55104,Atlas
1846,55100,Atlas
1847,55099,Atlas
1848,55092,lambda
1849,55087,lambda
1850,55086,lambda
1851,55085,lambda
1852,55084,lambda
1853,55083,lambda
1854,55061,Atlas
1855,55060,Atlas
1856,55054,Atlas
1857,55051,lambda
1858,55032,Atlas
1859,55032,Build
1860,55031,lambda
1861,54985,Atlas
1862,54971,lambda
1863,54965,lambda
1864,54959,lambda
1865,54956,lambda
1866,54955,lambda
1867,54946,Atlas
1868,54939,Atlas
1869,54909,accessibility
1870,54906,Lambda
1871,54898,Atlas
1872,54862,Atlas
1873,54856,Atlas
1874,54853,Atlas
1875,54853,lambda
1876,54832,Atlas
1877,54831,Atlas
1878,54830,Atlas
1879,54829,Atlas
1880,54828,Atlas
1881,54827,Atlas
1882,54806,lambda
1883,54804,lambda
1884,54761,lambda
1885,54753,lambda
1886,54739,Atlas
1887,54735,Atlas
1888,54730,Build
1889,54719,lambda
1890,54714,Atlas
1891,54713,Atlas
1892,54689,Atlas
1893,54675,lambda
1894,54636,lambda
1895,54634,lambda
1896,54622,Atlas
1897,54621,lambda
1898,54620,Atlas
1899,54619,lambda
1900,54592,Atlas
1901,54563,lambda
1902,54561,lambda
1903,54559,lambda
1904,54558,lambda
1905,54506,lambda
1906,54502,Atlas
1907,54498,Atlas
1908,54487,lambda
1909,54465,lambda
1910,54463,lambda
1911,54445,scanner
1912,54403,lambda
1913,54310,Atlas
1914,54301,lambda
1915,54280,lambda
1916,54259,Atlas
1917,54253,lambda
1918,54251,lambda
1919,54250,lambda
1920,54249,lambda
1921,54248,lambda
1922,54247,lambda
1923,54243,lambda
1924,54240,lambda
1925,54239,lambda
1926,54235,lambda
1927,54233,significant
1928,54226,lambda
1929,54222,lambda
1930,54219,lambda
1931,54212,lambda
1932,54181,lambda
1933,54148,lambda
1934,54147,lambda
1935,54146,lambda
1936,54119,Atlas
1937,54097,lambda
1938,54096,lambda
1939,54090,Atlas
1940,54089,Atlas
1941,54088,Atlas
1942,54082,Atlas
1943,54069,Atlas
1944,54068,lambda
1945,54067,lambda
1946,54066,lambda
1947,54065,lambda
1948,54064,lambda
1949,54063,lambda
1950,54061,Atlas
1951,54060,Atlas
1952,54058,Atlas
1953,54057,Atlas
1954,54043,Atlas
1955,54042,Atlas
1956,54041,Atlas
1957,54039,Atlas
1958,54037,Atlas
1959,53921,lambda
1960,53918,lambda
1961,53859,lambda
1962,53857,lambda
1963,53834,scanner
1964,53781,lambda
1965,53736,lambda
1966,53708,lambda
1967,53664,lambda
1968,53649,lambda
1969,53601,lambda
1970,53599,lambda
1971,53578,Atlas
1972,53578,lambda
1973,53541,lambda
1974,53531,lambda
1975,53492,Atlas
1976,53485,lambda
1977,53443,Atlas
1978,53416,Lambda
1979,53415,lambda
1980,53415,ui
1981,53415,user-experience
1982,53390,lambda
1983,53377,lambda
1984,53376,Atlas
1985,53376,lambda
1986,53367,lambda
1987,53359,Atlas
1988,53358,Atlas
1989,53320,lambda
1990,53306,lambda
1991,53247,lambda
1992,53241,lambda
1993,53239,lambda
1994,53238,lambda
1995,53210,lambda
1996,53206,lambda
1997,53196,Atlas
1998,53195,Atlas
1999,53194,Atlas
2000,53193,Atlas
2001,53192,Atlas
2002,53191,Atlas
2003,53190,Atlas
2004,53189,Atlas
2005,53188,Atlas
2006,53187,Atlas
2007,53186,Atlas
2008,53185,Atlas
2009,53184,Atlas
2010,53181,Atlas
2011,53179,Atlas
2012,53178,Atlas
2013,53177,Atlas
2014,53176,Atlas
2015,53175,Atlas
2016,53174,Atlas
2017,53173,Atlas
2018,53172,Atlas
2019,53171,Atlas
2020,53170,Atlas
2021,53169,Atlas
2022,53167,Atlas
2023,53166,Atlas
2024,53165,Atlas
2025,53149,lambda
2026,53123,scanner
2027,53096,lambda
2028,53095,lambda
2029,53078,lambda
2030,53077,lambda
2031,53076,lambda
2032,53064,Atlas
2033,53045,lambda
2034,53033,lambda
2035,53032,lambda
2036,53024,lambda
2037,53023,lambda
2038,53021,lambda
2039,53017,lambda
2040,53014,lambda
2041,53012,lambda
2042,53011,lambda
2043,53010,lambda
2044,53009,lambda
2045,53007,lambda
2046,52939,lambda
2047,52935,Atlas
2048,52858,lambda
2049,52833,Atlas
2050,52818,Atlas
2051,52817,Atlas
2052,52816,Atlas
2053,52815,lambda
2054,52813,lambda
2055,52812,Lambda
2056,52811,Atlas
2057,52803,Atlas
2058,52802,Atlas
2059,52801,Atlas
2060,52800,Lambda
2061,52799,Lambda
2062,52793,Atlas
2063,52791,Atlas
2064,52790,Atlas
2065,52789,Atlas
2066,52787,Atlas
2067,51507,lambda
2068,52738,lambda
2069,52714,Atlas
2070,52710,lambda
2071,52695,Atlas
2072,52669,lambda
2073,52667,lambda
2074,52637,Atlas
2075,52612,Atlas
2076,52591,Atlas
2077,52590,Atlas
2078,52589,Atlas
2079,52588,Atlas
2080,52586,Atlas
2081,52585,Atlas
2082,52584,lambda
2083,52583,lambda
2084,52582,lambda
2085,52559,lambda
2086,52558,lambda
2087,52553,lambda
2088,52548,lambda
2089,52547,Atlas
2090,52546,Atlas
2091,52545,Atlas
2092,52544,Atlas
2093,52541,Atlas
2094,52541,lambda
2095,52540,Atlas
2096,52538,Atlas
2097,52537,lambda
2098,52536,lambda
2099,52535,Atlas
2100,52532,lambda
2101,52531,lambda
2102,52530,lambda
2103,52528,lambda
2104,52501,lambda
2105,52490,Atlas
2106,52448,Atlas
2107,52439,lambda
2108,52426,lambda
2109,52425,lambda
2110,52424,lambda
2111,52415,lambda
2112,52408,hardening-jacek
2113,52400,Atlas
2114,52398,Atlas
2115,52392,Atlas
2116,52391,Atlas
2117,52390,Atlas
2118,52384,Atlas
2119,52382,Atlas
2120,52381,Atlas
2121,52379,Atlas
2122,52378,Atlas
2123,52377,Atlas
2124,52357,Atlas
2125,52354,Atlas
2126,52352,Atlas
2127,52329,lambda
2128,52325,lambda
2129,52324,lambda
2130,52322,Atlas
2131,52312,lambda
2132,52277,lambda
2133,52276,lambda
2134,52244,lambda
2135,52243,lambda
2136,52240,Atlas
2137,52239,Atlas
2138,52228,lambda
2139,52224,lambda
2140,52191,Atlas
2141,52190,lambda
2142,52140,Atlas
2143,52113,Atlas
2144,52086,lambda
2145,52068,lambda
2146,52027,lambda
2147,51989,Atlas
2148,51975,lambda
2149,51959,Atlas
2150,51950,lambda
2151,51949,lambda
2152,51932,Atlas
2153,51929,lambda
2154,51928,lambda
2155,51923,lambda
2156,51883,lambda
2157,51874,lambda
2158,51873,lambda
2159,51850,lambda
2160,51835,lambda
2161,51800,lambda
2162,51784,lambda
2163,51779,lambda
2164,51770,lambda
2165,51768,lambda
2166,51755,lambda
2167,51754,lambda
2168,51749,lambda
2169,51748,lambda
2170,51727,Atlas
2171,51723,lambda
2172,51718,lambda
2173,51717,lambda
2174,51689,lambda
2175,51686,Atlas
2176,51676,Atlas
2177,51656,lambda
2178,51644,lambda
2179,51643,lambda
2180,51621,lambda
2181,51617,lambda
2182,51616,lambda
2183,51608,lambda
2184,51607,lambda
2185,51606,lambda
2186,51595,Atlas
2187,51574,lambda
2188,51545,lambda
2189,51522,Atlas
2190,51521,Atlas
2191,51516,Atlas
2192,51495,Atlas
2193,51487,Atlas
2194,51450,lambda
2195,51449,lambda
2196,51436,lambda
2197,51435,lambda
2198,51434,lambda
2199,51433,lambda
2200,51432,lambda
2201,51430,lambda
2202,51429,lambda
2203,51428,lambda
2204,51427,lambda
2205,51424,lambda
2206,51422,lambda
2207,51419,lambda
2208,51418,lambda
2209,51417,lambda
2210,51399,Atlas
2211,51397,Atlas
2212,51378,lambda
2213,51377,lambda
2214,51376,lambda
2215,51375,lambda
2216,51368,lambda
2217,51363,Atlas
2218,51351,Atlas
2219,51316,Atlas
2220,51308,lambda
2221,51302,lambda
2222,51295,lambda
2223,51293,lambda
2224,51292,lambda
2225,51291,lambda
2226,51290,lambda
2227,51248,lambda
2228,51245,lambda
2229,51213,Lambda
2230,51187,lambda
2231,51154,Atlas
2232,51153,lambda
2233,51138,lambda
2234,51135,lambda
2235,51134,lambda
2236,51112,Atlas
2237,51101,lambda
2238,51071,lambda
2239,50961,lambda
2240,50949,lambda
2241,50948,lambda
2242,50946,lambda
2243,50945,lambda
2244,50944,lambda
2245,50943,lambda
2246,50942,lambda
2247,50941,lambda
2248,50939,lambda
2249,50928,lambda
2250,50926,lambda
2251,50922,lambda
2252,50921,lambda
2253,50920,lambda
2254,50919,lambda
2255,50918,lambda
2256,50917,lambda
2257,50916,lambda
2258,50915,lambda
2259,50914,lambda
2260,50901,lambda
2261,50900,Atlas
2262,50896,Atlas
2263,50895,Atlas
2264,50894,Atlas
2265,50879,lambda
2266,50861,lambda
2267,50860,lambda
2268,50849,Atlas
2269,50844,lambda
2270,50813,Atlas
2271,50810,Atlas
2272,50126,lambda
2273,50784,Atlas
2274,50784,windows
2275,50782,Atlas
2276,50781,lambda
2277,50775,Atlas
2278,50764,Atlas
2279,50711,lambda
2280,50710,lambda
2281,50689,lambda
2282,50650,Atlas
2283,50640,Atlas
2284,50634,lambda
2285,50633,lambda
2286,50632,lambda
2287,50564,lambda
2288,50515,Atlas
2289,50496,lambda
2290,50492,lambda
2291,50474,lambda
2292,50472,lambda
2293,50450,Atlas
2294,50442,lambda
2295,50440,lambda
2296,50431,lambda
2297,50416,lambda
2298,50412,Atlas
2299,50368,lambda
2300,50340,lambda
2301,50325,lambda
2302,50311,lambda
2303,50305,lambda
2304,50304,Atlas
2305,50257,Lambda
2306,50256,Lambda
2307,50255,Lambda
2308,50254,Atlas
2309,50253,Atlas
2310,50251,Atlas
2311,50250,Atlas
2312,50249,Atlas
2313,50248,lambda
2314,50246,lambda
2315,50245,lambda
2316,50244,lambda
2317,50243,Lambda
2318,50242,lambda
2319,50241,Atlas
2320,50238,lambda
2321,50232,lambda
2322,50231,lambda
2323,50229,Atlas
2324,50227,lambda
2325,50202,lambda
2326,50193,Atlas
2327,50189,lambda
2328,50183,lambda
2329,50167,lambda
2330,50166,lambda
2331,50141,lambda
2332,50139,lambda
2333,50138,lambda
2334,50137,lambda
2335,50136,lambda
2336,50129,lambda
2337,50120,Atlas
2338,50094,Lambda
2339,50093,Lambda
2340,50092,Atlas
2341,50091,Atlas
2342,50090,lambda
2343,50083,Atlas
2344,50077,Atlas
2345,50073,Atlas
2346,50058,lambda
2347,50056,lambda
2348,50054,lambda
2349,50052,lambda
2350,50049,Atlas
2351,50048,Atlas
2352,50009,lambda
2353,50002,lambda
2354,49975,Atlas
2355,49930,lambda
2356,49898,Atlas
2357,49895,Atlas
2358,49894,Atlas
2359,49891,lambda
2360,49877,lambda
2361,49875,lambda
2362,49873,lambda
2363,49872,lambda
2364,49869,lambda
2365,49849,Lambda
2366,49821,Atlas
2367,49815,lambda
2368,49809,lambda
2369,49797,lambda
2370,49791,lambda
2371,49788,lambda
2372,49787,lambda
2373,49781,lambda
2374,49774,Scanners
2375,49753,lambda
2376,49752,lambda
2377,49751,Atlas
2378,49710,lambda
2379,49689,lambda
2380,49688,lambda
2381,49684,lambda
2382,49682,lambda
2383,49649,Atlas
2384,49638,Atlas
2385,49631,lambda
2386,49605,lambda
2387,49604,lambda
2388,49586,lambda
2389,49580,Atlas
2390,49579,lambda
2391,49578,lambda
2392,49566,lambda
2393,49564,lambda
2394,49563,lambda
2395,49545,lambda
2396,49544,lambda
2397,49541,Atlas
2398,49532,lambda
2399,49527,lambda
2400,49524,lambda
2401,49517,lambda
2402,49516,lambda
2403,49515,lambda
2404,49514,lambda
2405,49511,Atlas
2406,49510,Atlas
2407,49507,Atlas
2408,49506,Atlas
2409,49505,Atlas
2410,49501,Atlas
2411,49500,Atlas
2412,49497,Atlas
2413,49496,Atlas
2414,49495,Atlas
2415,49494,Atlas
2416,49493,Atlas
2417,49492,Atlas
2418,49486,lambda
2419,49477,lambda
2420,49460,lambda
2421,49459,lambda
2422,49448,Atlas
2423,49368,Atlas
2424,49367,Atlas
2425,49365,Atlas
2426,49363,Atlas
2427,49324,lambda
2428,49319,lambda
2429,49192,Lambda
2430,49191,Atlas
2431,49188,Atlas
2432,49181,lambda
2433,49177,lambda
2434,49131,Atlas
2435,49128,Atlas
2436,49101,Atlas
2437,49081,lambda
2438,49077,Atlas
2439,49036,permissions
2440,49036,web_api
2441,49015,lambda
2442,49013,Atlas
2443,48974,lambda
2444,48972,Atlas
2445,48970,lambda
2446,48963,lambda
2447,48938,lambda
2448,48927,lambda
2449,48923,lambda
2450,48918,lambda
2451,48909,Atlas
2452,48895,lambda
2453,48892,lambda
2454,48890,Atlas
2455,48884,lambda
2456,48878,lambda
2457,48875,Atlas
2458,48874,deprecation
2459,48874,hardening-LTS-7.x
2460,48867,lambda
2461,48862,Atlas
2462,48858,Atlas
2463,48857,Atlas
2464,48847,lambda
2465,48846,Atlas
2466,48844,Atlas
2467,48840,Atlas
2468,48829,Atlas
2469,48812,lambda
2470,48800,Atlas
2471,48765,Atlas
2472,48744,lambda
2473,48740,lambda
2474,48740,sonarcloud
2475,48732,Atlas
2476,48722,Atlas
2477,48721,Scanners
2478,48706,lambda
2479,48682,lambda
2480,48674,Atlas
2481,48668,Atlas
2482,48665,Atlas
2483,48662,lambda
2484,48661,lambda
2485,48646,lambda
2486,48632,Atlas
2487,48632,lambda
2488,48603,Atlas
2489,48543,lambda
2490,48517,Atlas
2491,48511,lambda
2492,48507,lambda
2493,48309,lambda
2494,48293,lambda
2495,48260,lambda
2496,48207,Atlas
2497,48169,lambda
2498,48129,lambda
2499,48127,lambda
2500,48124,lambda
2501,48094,Atlas
2502,48085,Atlas
2503,48082,Atlas
2504,48081,Atlas
2505,48080,lambda
2506,48033,Atlas
2507,48026,Atlas
2508,47989,lambda
2509,47980,lambda
2510,47953,lambda-5.5-RC2
2511,47941,lambda
2512,47908,Atlas
2513,47905,Scanners
2514,47890,lambda
2515,47885,lambda
2516,47846,lambda
2517,47822,lambda
2518,47810,Scanners
2519,47809,Scanners
2520,47806,Atlas
2521,47802,Scanners
2522,47796,Scanners
2523,47780,deprecation
2524,47780,hardening-LTS-7.x
2525,47756,Atlas
2526,47725,lambda
2527,47724,lambda
2528,47695,Atlas
2529,47694,Atlas
2530,47665,Atlas
2531,47624,lambda
2532,47623,lambda-back-hardening-5.5
2533,47623,lambda-front-hardening-5.5
2534,47605,Atlas
2535,47604,lambda
2536,47591,Atlas
2537,47500,Atlas
2538,47492,lambda
2539,47490,lambda-front-hardening-5.5
2540,47474,lambda
2541,47457,lambda-front-hardening-5.5
2542,47448,Atlas
2543,47444,lambda-back-hardening-5.5
2544,47420,lambda-back-hardening-5.5
2545,47378,lambda
2546,47358,Atlas
2547,47357,Scanners
2548,47349,Atlas
2549,47341,lambda
2550,47336,Atlas
2551,47334,Atlas
2552,47324,background-tasks
2553,47255,lambda
2554,47253,lambda-back-hardening-5.5
2555,47243,lambda-back-hardening-5.5
2556,47228,Atlas
2557,47216,Atlas
2558,47215,Atlas
2559,47174,lambda
2560,47171,lambda
2561,47160,Atlas
2562,47152,lambda-back-hardening-5.5
2563,47101,lambda-5.5-RC2
2564,47096,lambda-back-hardening-5.5
2565,47094,lambda-hardening-5.5
2566,47080,lambda-front-hardening-5.5
2567,47079,Atlas
2568,47058,Atlas
2569,47016,Atlas
2570,47015,Atlas
2571,46990,lambda
2572,46959,lambda-front-hardening-5.5
2573,46946,lambda-back-hardening-5.5
2574,46927,lambda
2575,46876,lambda
2576,46787,Atlas
2577,46739,lambda
2578,46738,Atlas
2579,46734,Atlas
2580,46734,encoding
2581,46734,update_center
2582,46724,lambda
2583,46720,lambda
2584,46719,lambda
2585,46717,Atlas
2586,46716,Atlas
2587,46697,lambda-back-hardening-5.5
2588,46665,lambda
2589,46609,lambda
2590,46607,lambda-front-hardening-5.5
2591,46602,Atlas
2592,46600,Atlas
2593,46598,Atlas
2594,46571,lambda
2595,46520,lambda
2596,46465,Atlas
2597,46461,Atlas
2598,46458,lambda-back-hardening-5.5
2599,46452,Atlas
2600,46429,hardening-sprint
2601,46426,Atlas
2602,46345,lambda
2603,46336,lambda
2604,46319,Atlas
2605,46299,Atlas
2606,46298,lambda
2607,46293,lambda
2608,46290,lambda
2609,46281,lambda
2610,46280,lambda
2611,46268,Atlas
2612,46249,Atlas
2613,46237,lambda
2614,46216,Atlas
2615,46210,Atlas
2616,46208,lambda
2617,46182,Atlas
2618,46172,lambda
2619,46090,hardening-teryk
2620,46035,lambda
2621,46003,hardening-julienL
2622,45982,Atlas
2623,45899,lambda-back-hardening-5.5
2624,45874,Atlas
2625,45852,Scanners
2626,45849,lambda
2627,45808,hardening-julienL
2628,45778,lambda-front-hardening-5.5
2629,45772,lambda
2630,45722,lambda
2631,45697,Atlas
2632,45684,lambda
2633,45650,hardening-julienL
2634,45624,lambda
2635,45621,lambda
2636,45560,lambda-front-hardening-5.5
2637,45556,lambda-back-hardening-5.5
2638,45506,lambda-5.5-RC2
2639,44602,lambda
2640,44555,hardening-julienL
2641,44554,hardening-julienL
2642,44476,hardening-teryk
2643,44395,Atlas
2644,44392,Atlas
2645,44356,hardening-teryk
2646,44313,lambda
2647,44279,Atlas
2648,44112,hardening-julienL
2649,44054,hardening-teryk
2650,44046,hardening-julienL
2651,44028,hardening-teryk
2652,44023,lambda
2653,44017,Atlas
2654,44001,lambda
2655,43993,lambda-back-hardening-5.5
2656,43876,lambda
2657,43834,seb
2658,43826,coverage
2659,43826,differential_views
2660,43826,scm
2661,43811,Atlas
2662,43768,lambda
2663,43687,Atlas
2664,43561,ToBeDiscussed
2665,43561,lambda
2666,43557,hardening-teryk
2667,43555,lambda
2668,43467,Atlas
2669,43467,sprint-notifications
2670,43454,hardening-teryk
2671,43360,lambda
2672,43318,Atlas
2673,43273,Atlas
2674,43268,Atlas
2675,43219,lambda
2676,43200,Atlas
2677,43175,hardening-teryk
2678,43146,Lambda
2679,43047,lambda
2680,43038,Atlas
2681,43026,hardening-issues-page
2682,43026,lambda
2683,43025,lambda
2684,43021,Atlas
2685,43021,sprint-performance
2686,42895,Atlas
2687,42890,Atlas
2688,42838,Atlas
2689,42834,Atlas
2690,42747,Lambda
2691,42561,Atlas
2692,42561,lambda
2693,42559,lambda
2694,42558,Atlas
2695,42558,performance
2696,42554,lambda
2697,42471,Atlas
2698,42255,Scanners
2699,42240,Microsoft
2700,42185,Microsoft
2701,42065,Microsoft
2702,42065,security
2703,42064,Microsoft
2704,42064,security
2705,42015,Atlas
2706,41877,oracle
2707,41547,Atlas
2708,40824,Microsoft
2709,40703,lambda-front-hardening-5.5
2710,40660,Atlas
2711,40658,Atlas
2712,40578,scanner
2713,40555,Atlas
2714,40455,lambda-back-hardening-5.5
2715,40225,lambda
2716,40140,lambda
2717,40068,Atlas
2718,39912,lambda
2719,39837,Atlas
2720,39392,Atlas
2721,39290,Atlas
2722,39065,Atlas
2723,39064,Atlas
2724,32506,Lambda
2725,30060,hardening-teryk
2726,30035,Atlas
2727,30026,Atlas
2728,30022,Lambda
2729,30007,MMF
2730,30007,Microsoft
2731,29957,Scanners
2732,29947,Atlas
2733,29827,Lambda
2734,29921,Atlas
2735,29912,hardening-jacek
2736,29849,lambda
2737,29852,lambda
2738,29835,Atlas
2739,29791,lambda
2740,29789,hardening-issues-page
2741,29747,lambda
2742,29748,lambda
2743,29732,Atlas
2744,29665,issues-report
2745,27851,lambda
2746,29578,Atlas
2747,29512,lambda
2748,29296,Scanners
2749,29447,lambda
2750,29101,Atlas
2751,27995,Atlas
2752,27688,lambda-front-hardening-5.5
2753,27523,Gamification
2754,28799,Atlas
2755,26513,lambda
2756,28613,Atlas
2757,29629,lambda
2758,27058,Atlas
2759,28548,lambda
2760,28563,lambda
2761,27760,Lambda
2762,27306,lambda
2763,26504,Atlas
2764,26504,lambda
2765,29550,Atlas
2766,29815,Atlas
2767,30166,Atlas
2768,28272,Atlas
2769,28254,Atlas
2770,27799,lambda
2771,27075,Atlas
2772,26963,mysql
2773,26946,lambda
2774,28778,mysql
2775,28490,lambda
2776,28143,treemap
2777,28102,SonarQube
2778,27865,Atlas
2779,27865,lambda
2780,27681,treemap
2781,32087,technical_debt_4.3_sprint
2782,31946,lcom4
2783,27119,Atlas
2784,31953,Atlas
2785,31875,Atlas
2786,31875,sprint-notifications
2787,31880,Atlas
2788,28930,Atlas
2789,31867,Atlas
2790,31858,Lambda
2791,31793,Atlas
2792,31749,oracle
2793,31704,false-positive
2794,32437,mssql
2795,31675,lambda
2796,32424,Atlas
2797,31575,oracle
2798,31968,select2
2799,31541,select2
2800,31510,timeline
2801,31484,Gamification
2802,27711,treemap
2803,27206,treemap
2804,27540,Lambda
2805,27456,breaking
2806,27456,exception
2807,27456,sonar
2808,27426,exception
2809,27008,timeline
2810,27303,Atlas
2811,31457,treemap
2812,27382,IE
2813,27382,IE9
2814,27372,rails
2815,32179,browse
2816,32179,manual
2817,32179,source
2818,32179,violations
2819,31672,treemap
2820,26997,oracle
2821,26922,maven
2822,31482,deprecation
2823,27177,lcom4
2824,26797,IE
2825,26794,UTF-8
2826,26794,maven
2827,26794,pom.xml
2828,26794,sonar
2829,26755,jira
2830,26750,treemap
2831,26934,tycho
2832,32176,oracle
2833,26487,hsqldb
2834,26487,junit
2835,26487,maven
2836,32040,lambda
2837,27151,duplications
2838,27151,plugin
2839,28321,IE9
2840,32431,sonar
2841,32253,ant
2842,32253,exception
2843,32253,sonar
2844,28432,rules
2845,28432,unit
2846,32235,sonar
2847,28097,exception
2848,32095,ruby
2849,28449,mssql
2850,27903,playframework
2851,27903,sbt
2852,27903,scala
2853,27882,mysql
2854,28024,oracle
2855,32228,hudson
2856,32228,jacoco
2857,31616,treemap
2858,28907,encoding
2859,27772,sonar
2860,28022,checkstyle
2861,27766,treemap
2862,28895,localisation
2863,27773,Derby
2864,27650,sonar
2865,32227,jacoco
2866,27518,maven
2867,27510,mysql
2868,27574,mysql
2869,29015,oracle
2870,31412,Atlas
2871,31897,treemap
2872,31629,components
2873,27376,treemap
2874,27371,treemap
2875,27377,treemap
2876,28141,Favourites
2877,31638,treemap
2878,32222,mssql
2879,28883,postgresql
2880,27144,error-reporting
2881,27144,oracle
2882,27174,treemap
2883,27044,ruby
2884,27012,i18n
2885,31625,false-positive
2886,26720,AJP
2887,32155,sonar
2888,26823,oracle
2889,32134,maven
2890,26777,ASM
2891,26777,array
2892,26777,exception
2893,26777,sonar
2894,32162,core
2895,32162,security
2896,26689,timeline
2897,28394,checkstyle
2898,28394,import
2899,26679,SQALE
2900,27365,false-positive
2901,26510,compare
2902,26510,profile
2903,26510,sonar
2904,30212,LCOM4
2905,30890,IE6
2906,30891,IE6
2907,27134,treemap
2908,32193,Scanners
2909,26714,Atlas
2910,27548,LCOM4
2911,32366,LCOM4
2912,27213,checkstyle
2913,27213,runtime
2914,32308,exception
2915,32308,leak
2916,32308,outofmemory
2917,32361,maven
2918,32361,maven3
2919,32165,DuplicatedSourceException
2920,32165,maven
2921,32165,mvn
2922,32165,sonar
2923,31394,IE8
2924,31394,IE9
2925,32050,false-positive
2926,30931,oracle
2927,31630,link
2928,31630,maven
2929,30966,exception
2930,30966,maven
2931,30966,tycho
2932,31425,Gamification
2933,26751,filter
2934,26751,paging
2935,30808,sonar
2936,30865,rails
2937,30191,eclipse
2938,30191,pom.xml
2939,30191,tycho
2940,30771,ANT
2941,30771,LCOM4
2942,30771,PTI
2943,30771,calculated
2944,32175,maven
2945,32175,sonar
2946,28933,derby
2947,28219,derby
2948,30908,lcom4
2949,32365,lcom4
2950,30946,LCOM4
2951,30844,plugin
2952,28209,LCOM4
2953,32243,maven
2954,32243,plugin
2955,26773,Windows
2956,26866,drilldown
2957,26866,duplications
2958,26866,filter
2959,26866,period
2960,31373,maven
2961,31373,repository
2962,29041,plugin
2963,31377,database
2964,31377,postgresql
2965,31377,schema
2966,31369,Compliance
2967,31369,"Index,"
2968,31369,"RCI,"
2969,31369,Rules
2970,31369,priority
2971,31369,weight
2972,31753,false-positive
2973,27272,LCOM4
2974,31635,treemap
2975,31971,false-positive
2976,28307,treemap
2977,30625,lambda
2978,31244,tendency
2979,27938,treemap
2980,27963,drilldown
2981,28399,drilldown
2982,32428,treemap
